여행상품,가격
[도쿄 3일]핫플레이스★1일자유+오오에도온천♨+컵라면 제작체험_티웨이항공,649000
[도쿄 3일]반짝반짝★요코하마+하코네 해적선+신주쿠 전망대_티웨이항공,809000
[도쿄 3일]시크릿 특가+도쿄시내OR디즈니랜드_아시아나,599000
[도쿄 3일]도쿄 연휴상품 모음집,1099000
[도쿄 3일]하코네 삼나무길따라+요코하마 야경+오다이바 온천♨_이스타항공,699000
■준특급호텔■[동경 자유4] 선샤인 시티 프린스 호텔/ 트윈C(시티플로어)/조식불포함,999000
[소소(小少)한여행]ㅁ제주출발ㅁ[小少일본-후지산/도쿄] 후지산+도쿄 4일,1184800
[대한항공 시그니처] 도쿄/요코하마/후지산 4일(전일관광/준특급/특식 포함),1300000
[모두DIY]ㅁ제주출발ㅁ [실속여행] 동경/하코네/요코하마 4일,983800
ㅁ제주출발ㅁ [짧고굵게] 동경 3일(세미더블),783800
[THE BEST 도쿄] 도쿄/요코하마 /하코네 온천 3일(전일관광/준특급/3대 특식),1070000
[내마음대로 골라가는] 도쿄/요코하마/하코네 OR 디즈니 3일 (전일관광/트윈룸),1120000
[서유럽9일] 유레일패스포함/프랑스+스위스+이탈리아 자유일정,1750000
[스위스/파리 7일]항공이동+스위스패스,1690000
[프랑스/스위스8일]파리/스트라스부르/융프라우+TGV+스위스패스,2347200
[프랑스 8일]핵심일주+프랑스패스,2122600
[보라보라3박_타히티1박] 르메르디앙 리조트,3530000
[부다페스트/파리 자유 7일] 시내중심호텔+도시간이동교통포함,1616000
[보라보라3박_타히티1박] 인터컨티넨탈 탈라소 리조트,4200000
[보라보라3박_타히티1박] 인터컨티넨탈 르모아나 리조트,3670000
[프랑스8일]파리/몽생미셸/노르망디+렌터카+프랑스패스,2490000
[니스/파리7일]파리PLUS+이동항공포함_AF,1870000
[보라보라5박_타히티1박] 인터컨티넨탈 탈라소 리조트,5130000
[모레아2박_보라보라3박_타히티1박] 인터컨티넨탈 르모아나 리조트,4620000
[모레아2박_보라보라3박_타히티1박] 콘래드 리조트,5150000
[모레아2박_보라보라3박_타히티1박] 세인트레지스 리조트,5460000
[모레아2박_보라보라3박_타히티1박] 르메르디앙 리조트,4550000
[모레아2박_보라보라3박_타히티1박] 인터컨티넨탈 리조트,4860000
[보라보라3박_타히티1박] 콘래드 리조트,3750000
[보라보라3박_타히티1박] 보라보라 펄비치 리조트,3300000
[보라보라3박_타히티1박] 세인트레지스 리조트,4300000
[파리/보르도 자유 7일]시내중심호텔+TGV기차포함,1940000
[파리/리옹/프로방스9일]프랑스철도패스포함_AF,2190000
